<?xml version="1.0" encoding="UTF-8" ?>

<!DOCTYPE struts PUBLIC
    "-//Apache Software Foundation//DTD Struts Configuration 2.0//EN"
    "http://struts.apache.org/dtds/struts-2.0.dtd">


<struts>
<package name="amos" extends="struts-default">

<action name="userLogin" class="login">
<result name="LOGIN_SUCCESS">main.jsp</result>
<result name="LOGIN_FAIL">login.jsp</result>
</action>

<action name="roleCURD" class="roleCURD">
<result name="list">securty/roleList.jsp</result>
<result name="new">securty/addRole.jsp</result>
<result name="detail">securty/roleDetail.jsp</result>
</action>

<action name="functionCURD" class="functionCURD">
<result name="list">securty/functionList.jsp</result>
<result name="detail">securty/functionDetail.jsp</result>
<result name="update">tab/tab.jsp</result>

</action>


<action name="userCURD" class="userCURD">
<result name="list">securty/userList.jsp</result>
<result name="new">securty/addUser.jsp</result>
<result name="del" type="redirect">userCURD!queryAllUsers.action</result>
<result name="update" type="redirect">userCURD!queryAllUsers.action</result>
<result name="unUpdate" type="redirect">userCURD!queryAllUsers.action</result>
<result name="addUser" type="redirect">userCURD!queryAllUsers.action</result>
<result name="unDel"  type="redirect">userCURD!queryAllUsers.action</result>
<result name="detail">securty/userDetail.jsp</result>
</action>


</package>
</struts>



