<?xml version="1.0" encoding="utf-8"?>
<!DOCTYPE hibernate-mapping PUBLIC "-//Hibernate/Hibernate Mapping DTD 3.0//EN"
"http://hibernate.sourceforge.net/hibernate-mapping-3.0.dtd">
<!-- 
    Mapping file autogenerated by MyEclipse Persistence Tools
-->
<hibernate-mapping>
    <class name="com.amos.entry.Departments" table="departments">
        <id name="deptid" type="java.lang.String">
            <column name="DEPTID" length="13" />
            <generator class="identity" />
        </id>
        <many-to-one name="sysUsers" class="com.amos.entry.SysUsers" fetch="select">
            <column name="HEADER" length="13" />
        </many-to-one>
        <many-to-one name="departments" class="com.amos.entry.Departments"  lazy="false" fetch="select">
            <column name="PARENTID" length="13" />
        </many-to-one>
        
        <property name="deptname" type="java.lang.String"  lazy="false">
            <column name="DEPTNAME" length="50" not-null="true" />
        </property>
        <property name="description" type="java.lang.String"  lazy="false">
            <column name="DESCRIPTION" length="200" />
        </property>
        <property name="statu" type="java.lang.Integer"  lazy="false">
            <column name="STATU" not-null="true" />
        </property>
        <property name="note" type="java.lang.String"  lazy="false">
            <column name="NOTE" length="65535" />
        </property>
        
        <set name="departmentses" inverse="true"  lazy="false">
            <key>
                <column name="PARENTID" length="13" />
            </key>
            <one-to-many class="com.amos.entry.Departments" />
        </set>
        <set name="sysRoles" lazy="false" cascade="save-update">
            <key>
                <column name="DEPT" />
            </key>
            <one-to-many class="com.amos.entry.SysRole"/>
        </set>
    </class>
</hibernate-mapping>
