<?xml version="1.0" encoding="utf-8"?>
<!DOCTYPE hibernate-mapping PUBLIC "-//Hibernate/Hibernate Mapping DTD 3.0//EN"
"http://hibernate.sourceforge.net/hibernate-mapping-3.0.dtd">
<!-- 
    Mapping file autogenerated by MyEclipse Persistence Tools
-->
<hibernate-mapping>
    <class name="com.amos.entry.Function" table="functionlists" >
        <id name="fuid" type="java.lang.String">
            <column name="FUID" length="20" />
            <generator class="identity" />
        </id>
        <many-to-one name="parent" class="com.amos.entry.Function"  lazy="false" fetch="select">
            <column name="PARENTID" length="20" />
        </many-to-one>
        <property name="id" type="java.lang.Integer">
            <column name="ID" not-null="true" />
        </property>
        <property name="fname" type="java.lang.String" lazy="false">
            <column name="FNAME" length="20" not-null="true" />
        </property>
        <property name="fstatu" type="java.lang.Integer" lazy="false">
            <column name="FSTAT" not-null="true" />
        </property>
        <property name="furi" type="java.lang.String" lazy="false">
            <column name="FURI" length="200" />
        </property>
        <property name="accstr" type="java.lang.String" lazy="false">
            <column name="ACCSTR" length="32" not-null="true" />
        </property>
        <property name="note" type="java.lang.String" lazy="false">
            <column name="NOTE" length="65535" />
        </property>
        <set name="subListses" inverse="true" lazy="false"  table="ROLE_ACC"  order-by="ACCSTR">
            <key>
                <column name="PARENTID" length="20" />
            </key>
            <one-to-many class="com.amos.entry.Function"  />
        </set><!--
         <set name="roleList" table="ROLE_ACC" >
       <key>
       <column name="FUID"></column>
       </key>
       <many-to-many class="com.amos.entry.SysRole" column="RID"></many-to-many>
       </set>
    --></class>
</hibernate-mapping>
