<?xml version="1.0" encoding="utf-8"?>
<!DOCTYPE hibernate-mapping PUBLIC "-//Hibernate/Hibernate Mapping DTD 3.0//EN"
"http://hibernate.sourceforge.net/hibernate-mapping-3.0.dtd">
<!-- 
    Mapping file autogenerated by MyEclipse Persistence Tools
-->
<hibernate-mapping>
    <class name="com.amos.entry.SysRole" table="sys_role">
        <id name="rid" type="java.lang.String">
            <column name="RID" length="13" />
            <generator class="assigned" />
        </id>
        <many-to-one name="departments" class="com.amos.entry.Departments" lazy="false" fetch="select">
            <column name="DEPT" length="13" />
        </many-to-one>
       
        <property name="rname" type="java.lang.String">
            <column name="RNAME" length="20" not-null="true" />
        </property>
        <property name="statu" type="java.lang.Integer">
            <column name="STATU" not-null="true" />
        </property>
        <property name="note" type="java.lang.String">
            <column name="NOTE" length="65535" />
        </property>
        <set name="userList" table="urole_dept_user" cascade="save-update">
            <key>
                <column name="RID"/>
            </key>
            <many-to-many class="com.amos.entry.SysUsers" column="UID" />
        </set>
        <set name="functionList" table="ROLE_ACC"  lazy="false"  order-by="ACCSTR"  cascade="save-update">
    	<key>
    	<column name="RID"></column>
    	</key>
    	<many-to-many class="com.amos.entry.Function" column="FUID">
    	</many-to-many>
    	</set>
    </class>
</hibernate-mapping>
