<?xml version="1.0" encoding="utf-8"?>
<!DOCTYPE hibernate-mapping PUBLIC "-//Hibernate/Hibernate Mapping DTD 3.0//EN"
"http://hibernate.sourceforge.net/hibernate-mapping-3.0.dtd">
<!-- 
    Mapping file autogenerated by MyEclipse Persistence Tools
-->
<hibernate-mapping>
    <class name="com.amos.entry.SysUsers" table="sys_users" >
        <id name="uid" type="java.lang.String">
            <column name="UID" length="13" />
            <generator class="assigned" />
        </id>
<!--        <property name="id" type="java.lang.Integer">-->
<!--            <column name="ID" not-null="true" />-->
<!--        </property>-->
        <property name="uname" type="java.lang.String">
            <column name="UNAME" length="8" not-null="true" />
        </property>
        <property name="usex" type="java.lang.String">
            <column name="USEX" length="1" not-null="true" />
        </property>
       
        <property name="fphone" type="java.lang.String">
            <column name="FPHONE" length="13" not-null="true" />
        </property>
        <property name="sphone" type="java.lang.String">
            <column name="SPHONE" length="13" />
        </property>
        <property name="fmobile" type="java.lang.String">
            <column name="FMOBILE" length="13" />
        </property>
        <property name="smobile" type="java.lang.String">
            <column name="SMOBILE" length="13" />
        </property>
        <property name="faddress" type="java.lang.String">
            <column name="FADDRESS" length="65535" not-null="true" />
        </property>
        <property name="saddress" type="java.lang.String">
            <column name="SADDRESS" length="65535" />
        </property>
        <property name="qq" type="java.lang.String">
            <column name="QQ" length="10" />
        </property>
        <property name="msn" type="java.lang.String">
            <column name="MSN" length="100" />
        </property>
        <property name="email" type="java.lang.String">
            <column name="EMAIL" length="100" />
        </property>
        <property name="statu" type="java.lang.Integer">
            <column name="STATU" not-null="true" />
        </property>
        <property name="note" type="java.lang.String">
            <column name="NOTE" length="65535" />
        </property>
        <set name="urole" table="urole_dept_user" lazy="false">
            <key>
                <column name="UID" length="13" />
            </key>
            <many-to-many class="com.amos.entry.SysRole" column="RID"></many-to-many>
        </set>
     
        <many-to-one name="departmentses" class="com.amos.entry.Departments" cascade="save-update" column="DEPT" lazy="false"></many-to-one> 
        <one-to-one name="password" class="com.amos.entry.UserPassword" cascade="all"></one-to-one>
    </class>
</hibernate-mapping>
