<?xml version="1.0" encoding="utf-8"?>
<!DOCTYPE hibernate-mapping PUBLIC "-//Hibernate/Hibernate Mapping DTD 3.0//EN"
"http://hibernate.sourceforge.net/hibernate-mapping-3.0.dtd">
<!-- 
    Mapping file autogenerated by MyEclipse Persistence Tools
-->
<hibernate-mapping>
    <class name="com.amos.entry.UserPassword" table="users_pass">
        <id name="uid" type="java.lang.String">
            <column name="UID"  />
            <generator class="foreign">
            <param name="property">user</param>   
            </generator>
        </id>
       <property name="password" type="java.lang.String">
       <column name="UPASS"></column>
       </property>
       <property name="question" type="java.lang.String">
       <column name="QUESENT"></column>
       </property>
       <property name="answer" type="java.lang.String">
       <column name="ANSWER"></column>
       </property>
        <property name="note" type="java.lang.String">
            <column name="NOTE"  />
        </property>
       <one-to-one name="user"  class="com.amos.entry.SysUsers"></one-to-one>
       
    </class>
</hibernate-mapping>
