<beans xmlns="http://www.springframework.org/schema/beans"
		xmlns:xsi="http://www.w3.org/2001/XMLSchema-instance"
		xmlns:aop="http://www.springframework.org/schema/aop"
		xmlns:tx="http://www.springframework.org/schema/tx"
		xsi:schemaLocation="http://www.springframework.org/schema/beans http://www.springframework.org/schema/beans/spring-beans-2.5.xsd http://www.springframework.org/schema/aop  http://www.springframework.org/schema/aop/spring-aop-2.5.xsd http://www.springframework.org/schema/tx http://www.springframework.org/schema/tx/spring-tx-2.5.xsd">

<import resource="applicationContext-bussiness.xml"/>



<bean name="OpenSessionInViewInterceptor" class="org.springframework.orm.hibernate3.support.OpenSessionInViewInterceptor">
<property name="flushMode" value="1"></property>
<property name="singleSession" value="false"></property>
<property name="sessionFactory" ref="sessionFactory"></property>
</bean>


<bean id="transcationManager" class="org.springframework.orm.hibernate3.HibernateTransactionManager">
<property name="sessionFactory" ref="sessionFactory"></property>
</bean>


<bean id="sessionFactory" class="org.springframework.orm.hibernate3.LocalSessionFactoryBean">
<property name="dataSource" ref="dataSource"></property>
<property name="mappingResources">
	<list>
		<value>com/amos/entry/Departments.hbm.xml</value>
		<value>com/amos/entry/Function.hbm.xml</value>
		<value>com/amos/entry/SysRole.hbm.xml</value>
		<value>com/amos/entry/SysUsers.hbm.xml</value>
		<value>com/amos/entry/UserPassword.hbm.xml</value>
	</list>
</property>
<property name="hibernateProperties">
<props>
<prop key="hibernate.dialect">org.hibernate.dialect.MySQLDialect</prop>
<prop key="hibernate.show_sql">true</prop>
<prop key="hibernate.format_sql">true</prop>
<prop key="hibernate.batch_size">15</prop>
</props>
</property>
</bean>

<bean id="dataSource" class="org.apache.commons.dbcp.BasicDataSource">
<property name="driverClassName" value="com.mysql.jdbc.Driver" />
<property name="url" value="jdbc:mysql://127.0.0.1:3306/backgroudmanager"></property>
<property name="username" value="root"></property>
<property name="password" value="201441"></property>
<property name="initialSize" value="50"></property>
<property name="maxActive" value="100"></property>
<property name="maxIdle" value="10"></property>
<property name="maxWait" value="10"></property>
</bean>


<bean id="HibernateTemplate" class="org.springframework.orm.hibernate3.HibernateTemplate">
<property name="sessionFactory" ref="sessionFactory"></property>
</bean>

<bean id="transcationIntercetor" class="org.springframework.transaction.interceptor.TransactionInterceptor">
<property name="transactionManager" ref="transcationManager"></property>
<property name="transactionAttributes">
<props>
<prop key="add*">PROPAGATION_REQUIRED</prop>
<prop key="save*">PROPAGATION_REQUIRED</prop>
<prop key="update*">PROPAGATION_REQUIRED</prop>
<prop key="delete*">PROPAGATION_REQUIRED</prop>
<prop key="get*">readOnly</prop>
<prop key="query*">readOnly</prop>
</props>
</property>
</bean>

<bean id="transcationProxyFactory" class="org.springframework.aop.framework.autoproxy.BeanNameAutoProxyCreator">
<property name="beanNames">
<list>
<value>*ServiceImpls</value>
<value>*ManagerImpls</value>
</list>
</property>
<property name="interceptorNames">
<list>
<value>transcationIntercetor</value>
</list>
</property>
</bean>








<bean id="commonDao" class="com.amos.dao.CommonDao">
<property name="hibernateTemplate" ref="HibernateTemplate"></property>
</bean>



 <bean id="systemMessage" class="com.amos.utils.SysMessage">
 <property name="sysMessage">
 <map>
 <entry key="LOGIN_FAIL" value="用户名不存在，登录失败！" />
 <entry key="LOGIN_SUCCESS" value="登录成功！" />
 </map>
 </property>
 </bean>
  
  
  

  
</beans>
