<beans xmlns="http://www.springframework.org/schema/beans"
		xmlns:xsi="http://www.w3.org/2001/XMLSchema-instance"
		xmlns:aop="http://www.springframework.org/schema/aop"
		xmlns:tx="http://www.springframework.org/schema/tx"
		xsi:schemaLocation="http://www.springframework.org/schema/beans http://www.springframework.org/schema/beans/spring-beans-2.5.xsd http://www.springframework.org/schema/aop  http://www.springframework.org/schema/aop/spring-aop-2.5.xsd http://www.springframework.org/schema/tx http://www.springframework.org/schema/tx/spring-tx-2.5.xsd">




  
<bean id="login" class="com.amos.web.LoginAction">
<property name="loginSrv" ref="loginService"></property>
</bean>

<bean id="functionCURD" class="com.amos.web.FunctionAction">
<property name="functionService" ref="functionService"></property>
</bean>


<bean id="functionService" class="com.amos.service.impls.FunctionServiceImpls">
<property name="dao" ref="commonDao"></property>
</bean>




<bean id="deptCURD" class="com.amos.web.DepartmentsAction">
<property name="deptService" ref="departmentService"></property>
<property name="userService" ref="userSerivce"></property>
</bean>


<bean id="userCURD" class="com.amos.web.UserAction">
<property name="userService" ref="userSerivce" />
<property name="deptService" ref="departmentService" />
</bean>

  <bean id="roleCURD" class="com.amos.web.RoleAction" >
  	<property name="roleService" ref="roleService" />
  	<property name="deptService" ref="departmentService" />
  </bean>

<bean id="loginService" class="com.amos.service.impls.LoginServiceImpls">
<property name="dao"  ref="commonDao"></property>
<property name="sysMessage" ref="systemMessage"></property>
</bean>


<bean id="userSerivce" class="com.amos.service.impls.UserServiceImpls">
<property name="dao"  ref="commonDao"></property>
<property name="deptService" ref="departmentService"></property>
</bean>

<bean id="departmentService" class="com.amos.service.impls.DeptServiceImpls">
<property name="dao" ref="commonDao"></property>
<property name="userService" ref="userSerivce"></property>
</bean>

 <bean id="roleService" class="com.amos.service.impls.RoleServiceImpls">
 <property name="deptService" ref="departmentService"></property>
 <property name="dao" ref="commonDao"></property>
 </bean>
  
  <bean id="dwrAjaxService" class="com.amos.service.impls.DwrServiceImpls">
  <property name="functionService" ref="functionService"></property>
  </bean>
 
  
  </beans>
